dataset,model,accuracy,precision,recall,f1_score,fit_time_s
breast_cancer,Logistic Regression,0.9649122807017544,0.9623015873015872,0.9623015873015872,0.9623015873015872,0.0011073749919887
breast_cancer,SVM (RBF kernel),0.956140350877193,0.9550618108920814,0.9503968253968254,0.9526381387619444,0.0008305000083055
breast_cancer,Random Forest,0.9298245614035088,0.9246031746031746,0.9246031746031746,0.9246031746031746,0.0250937920063734
breast_cancer,QSVC,0.7456140350877193,0.7274482274482275,0.7142857142857143,0.7191402599609209,279.2189849610004
breast_cancer,VQC,0.7280701754385965,0.7322025800286669,0.6607142857142857,0.6664464369985843,83.71755270399444
digits,Logistic Regression,0.8444444444444444,0.845873763979027,0.8435456885456885,0.8413110943483147,0.0068736669927602
digits,SVM (RBF kernel),0.9583333333333334,0.9599489075612312,0.957932217932218,0.9578344123254916,0.0095934999990277
digits,Random Forest,0.9194444444444444,0.9206950675371728,0.919026169026169,0.9185118609969084,0.265631874994142
digits,QSVC,0.2861111111111111,0.2874307725819565,0.2858708708708709,0.2854505686808637,3822.5355076989945
digits,VQC,0.1,0.1056974343855942,0.0999592449592449,0.0997253272173843,367.8760415840079
wine,Logistic Regression,1.0,1.0,1.0,1.0,0.0018840829870896
wine,SVM (RBF kernel),0.9444444444444444,0.9505494505494506,0.942857142857143,0.94531328320802,0.0005061669944552
wine,Random Forest,1.0,1.0,1.0,1.0,0.0425542089942609
wine,QSVC,0.75,0.8174603174603176,0.7261904761904763,0.7416666666666667,31.13966234799591
wine,VQC,0.3611111111111111,0.3564102564102564,0.35,0.3507051188210608,30.64994409799692
