dataset,seed,accuracy,f1_score
breast_cancer,42,0.7280701754385965,0.6664464369985843
breast_cancer,43,0.5526315789473685,0.5447498238195913
breast_cancer,44,0.6929824561403509,0.608324334936684
breast_cancer,45,0.7105263157894737,0.6307058015117306
breast_cancer,46,0.6578947368421053,0.6222920737405488
digits,42,0.0972222222222222,0.0323952416675597
digits,43,0.0972222222222222,0.0323866680955953
digits,44,0.0861111111111111,0.0287087912087912
digits,45,0.1027777777777777,0.0343793103448275
digits,46,0.1083333333333333,0.0363648166179811
wine,42,0.3888888888888889,0.3005291005291005
wine,43,0.5555555555555556,0.4273504273504273
wine,44,0.4444444444444444,0.3440860215053763
wine,45,0.4166666666666667,0.3225357018460467
wine,46,0.4722222222222222,0.3668468468468469
