iteration,cost
1,3.4902526729377543
2,3.5112292544747956
3,3.498802631792966
4,3.4882110067031156
5,3.482108742659875
6,3.496612465168829
7,3.493667115862187
8,3.477457767507179
9,3.502392844382822
10,3.516184146363888
11,3.5002377034910577
12,3.4862527214138472
13,3.4882417446997644
14,3.4863841873227193
15,3.4809482478549483
16,3.4755948372605636
17,3.5056870282212427
18,3.5028422441598517
19,3.4967530486328764
20,3.4716327933444973
21,3.475590792858077
22,3.4476026891775438
23,3.4766666557413903
24,3.4629559283591402
25,3.4534308814499473
26,3.480893528762793
27,3.4567470949289576
28,3.4841832558575585
29,3.4589476548400713
30,3.479931300910407
31,3.453692699088004
32,3.4650636849135443
33,3.4416608873135703
34,3.468505203878259
35,3.454452333855117
36,3.4553445149448563
37,3.4601815001160072
38,3.4413991283419567
39,3.4811874548383015
40,3.440518916429034
41,3.4518940693340454
42,3.4539185218539297
43,3.4804248248043956
44,3.4478016478177276
45,3.454901628834744
46,3.4359106034759925
47,3.4319245760708412
48,3.4440029946968855
49,3.441253083043794
50,3.431204778992291
51,3.4881370989757565
52,3.4707180335449723
53,3.434092868451552
54,3.4427815647093776
55,3.438795379780463
56,3.443551445003562
57,3.4335830741799795
58,3.4379002657399456
59,3.4262142438186434
60,3.4583153421932686
61,3.4225838347477078
62,3.4333604247709157
63,3.4115655226604504
64,3.43151399045162
65,3.406699098884808
66,3.434703313350888
67,3.4123363305175096
68,3.4133047524218263
69,3.420591512172683
70,3.414068590003375
71,3.4133785399714034
72,3.4461750231503117
73,3.4178292533279757
74,3.4125780583612
75,3.429364107779098
76,3.4252398812624287
77,3.4144998331183114
78,3.40744572642427
79,3.4075649389326523
80,3.4532168434371635
81,3.4162233698750812
82,3.40862187069859
83,3.4226054005602013
84,3.4046040644922755
85,3.4044228288977356
86,3.4031524420330164
87,3.3994833764547776
88,3.399725277393756
89,3.3968881612760335
90,3.3985749929636464
91,3.4008327692005316
92,3.402193084590858
93,3.395473365242779
94,3.396976986917836
95,3.397618322026872
96,3.396978240561583
97,3.3984170104180857
98,3.39646523851298
99,3.400457664095217
100,3.396653287090949
